"","track","length","distance","straight","square_displacement","mean_speed","sd_speed","max_speed","min_speed","sinuosity","emax","DC","SDDC","mean_angle","probe"
"1",1,773.79316487954,443.671396573926,0.573372080177258,38960.9305293167,0.00904016782381611,0.0078195276164165,0.0403023718295435,0,0.269869283372314,2.49739772830211,0.0187591095075466,0.0220455222815615,0.714073125882234-0.074664924062037i,"p09"
"2",3,1347.68825227425,231.929854721278,0.172094588143728,71596.9963861268,0.0157449413198697,0.00977526250679772,0.0379959341333519,0.00185048742138369,0.271261434146203,1.22323913746098,0.0262963800948293,0.0278361911921565,0.550205831145075+0.055053250602509i,"p09"
"3",5,1803.1125865469,283.985979792975,0.157497641529324,211446.274446354,0.0210656298445808,0.0134101319773538,0.0751955143158876,0.00184244607138723,0.182072161151299,2.47603467462411,0.0188141118937188,0.0226081014864899,0.712315873227549+0.027060440756385i,"p09"
"4",7,1241.07273107423,238.906533056967,0.19250002604616,126152.523599362,0.0144993601387257,0.00966255158581808,0.0538229862451973,0.00155114386792458,0.195598898983005,3.27945410858763,0.0173399173105641,0.0170950711954722,0.766325336216765-0.006409261022526i,"p09"
"5",9,865.168796432136,274.154121493149,0.316879344959886,40846.7917285876,0.0101077025110361,0.00808910630660969,0.0395611750969347,0,0.289066166166306,1.80796581832048,0.0214640273842912,0.026445548384241,0.643870308721163+0.0177275153954i,"p09"
"6",1,728.083343867769,115.718018106474,0.15893512615156,21271.080075904,0.00850614339468157,0.00779640464240501,0.0387168528235051,0,0.369475296261922,0.991577950931921,0.0284601494112287,0.0295981214293615,0.497885583874802+0.007923795086516i,"p09"
"7",3,527.38027558374,78.1745509746967,0.148231844446908,19085.6249199838,0.00616134441946072,0.00491522917886887,0.0246920780727596,0,0.328396644677268,2.52245545527671,0.0185581819451751,0.0222135324333319,0.716107126776584+0.021235833539513i,"p09"
"8",5,629.540188879866,158.418483344819,0.251641572917992,19577.6732661764,0.00735487106583172,0.00824265909629493,0.0554708463938053,0,0.344075005212278,1.42132464559236,0.0255806817581677,0.0242487411423923,0.58700292345335-0.119879427705371i,"p09"
"9",7,536.387101577464,212.65542597545,0.396458873358532,17212.3722296074,0.0062665704956769,0.00781461949006129,0.047103445679006,0,0.351317304839212,1.59241678066992,0.0231050265064548,0.0268720096877171,0.614259556003343+0.019690840570995i,"p09"
"10",1,888.687801104886,469.013049570251,0.527759072406685,42852.9617013248,0.0103824732882164,0.00895610216441472,0.0499340408380893,0,0.286051002804591,1.74081338355677,0.0233075129710727,0.0232072879434217,0.635144805553199-0.020738513482798i,"p09"
"11",3,1178.08100567906,174.706957758738,0.148297915777052,88864.4563236614,0.0137634325098319,0.00967734520407905,0.0345504904303209,0,0.223961811462527,2.46817776354327,0.0186882587504162,0.0227391963878243,0.711664145214302+0.053878106093424i,"p09"
"12",1,948.058225093186,75.2827167619313,0.0794072713778013,83006.2191323119,0.0110760935229066,0.00858418496852765,0.0634108284654719,0.000331061045575932,0.209786704267229,3.75335432784861,0.0154609771606973,0.017294733074092,0.789622247569202+0.015181280861667i,"p09"
"13",3,975.192672038538,344.402501806683,0.353163545709123,60032.189039005,0.011393103242462,0.00802343936894261,0.0326328588516884,0,0.235096027618355,2.77713478284639,0.0184850673333862,0.018616931431865,0.735249055834218-0.098654331289938i,"p09"
"14",5,1429.61175198092,403.058697103002,0.281935774901479,141430.814936225,0.0167020474558201,0.00955482234987808,0.0457509108563319,0.00072201311822882,0.198636546242715,2.70471490280649,0.018583873088196,0.0206684913588589,0.730073696293754+0.013852246292963i,"p09"
"15",7,477.010216359091,131.032056283291,0.274694444247817,17946.365687193,0.00557287477491782,0.00632052190305161,0.0420560131055656,0,0.320938349919914,2.72391837283089,0.0173933957094043,0.0234839988879543,0.731465649919762+0.030858726784794i,"p09"
"16",9,651.801271949379,346.062904481367,0.530933153055037,33717.38927493,0.00761494563875669,0.00666607604482015,0.0391750989324735,8.16391509432794e-05,0.26430171184408,3.28974736179964,0.0158419931908216,0.0202208999262813,0.766886038813139+0.063996911746062i,"p09"
"17",11,965.682315281167,176.744238902088,0.18302524143318,54442.8036785029,0.0112819944538953,0.0075058242908842,0.0379153958375072,0,0.254217593739217,2.32313794273653,0.0197351735344648,0.022078922765747,0.6990795996941+0.080863215328797i,"p09"
"18",1,912.515890953751,597.370696438733,0.654641417602457,69125.5551075637,0.010660855084453,0.00953439973471618,0.0599636229652934,0,0.22636084790078,3.16367660327967,0.0164041262114214,0.0227132403661995,0.75982764866697+0.016949974638011i,"p09"
"19",3,660.214047236289,517.154269492706,0.783313035609523,55857.3082092964,0.00771323146487866,0.00666424167266002,0.0518016695893476,0.000584911556603799,0.185872622467396,7.45661638792127,0.0106133913538167,0.0139429094901212,0.881749395487737+0.061170433209282i,"p09"
"20",5,414.722254031393,139.529341179976,0.336440448574082,13038.4682053855,0.00484516915744369,0.00404981907013372,0.0197646884958006,0,0.352767036461624,2.83214161109921,0.0173198331329463,0.022315596220687,0.739049309372166+0.005048780349523i,"p09"
"21",7,903.210526021301,173.091736685862,0.191640522003593,27226.0099241726,0.0105521412000853,0.00782043873845392,0.0378656163724566,0.000430276105372336,0.356312985804322,0.88228717580546,0.0297820171421924,0.0324723419644094,0.468731438616913+0.102862954155547i,"p09"
"22",9,505.6263301213,247.191862698836,0.488882496763043,19946.9918642567,0.005907194697369,0.00853174162573854,0.0630798719861877,0,0.313490424334277,2.28062916102071,0.0197242120328167,0.0238933819745467,0.695180420913875+0.044789971113832i,"p09"
"23",11,1092.59331734837,318.82738968928,0.291807925809988,104538.108944688,0.0127646862240594,0.00994084637189083,0.0546098145832919,0.00128909052692224,0.188597096006081,4.08580957691306,0.0152045764488628,0.0183836394069193,0.803374470695977+0.070226189301098i,"p09"
"24",13,729.710871644591,97.3920164266313,0.133466582740001,42849.9123379185,0.00852515768029197,0.00835346042336876,0.0492004286493344,0,0.25810769258524,2.92835420265148,0.0175698754894998,0.0202679238387991,0.745440469872844-0.003924517613381i,"p09"
"25",15,1271.83710554278,412.528342221445,0.324356272060006,89510.7297418252,0.0148587780307586,0.0131351064655553,0.0601656281461848,0,0.237106264054867,1.76654743514095,0.0232138702461513,0.0241716641918045,0.638538639425479+0.00743279132081i,"p09"
"26",17,940.119985609948,160.876566905078,0.171123441015565,46070.8857274175,0.0109833516631807,0.0104789501817648,0.0648566258149466,0.00148792058914681,0.276113928011794,1.69577175751354,0.0229420538760091,0.0239521377887067,0.629048714078689-0.090277464630704i,"p09"
"27",19,1258.73959763853,525.652580276344,0.417602323198935,124369.411147371,0.0147057608229281,0.0100096065777415,0.0551996604900229,0.00101328068203105,0.188395811832338,3.52115428964529,0.0156828264310401,0.0191793889396215,0.778817546154025-0.069658663094887i,"p09"
"28",21,1046.35612950485,414.758102209758,0.396383306328052,99703.1916967068,0.0122245006075688,0.00977283154894836,0.0621580778151142,0,0.19632777625599,3.89141547540503,0.015249753475397,0.0197248749299016,0.79556020030844+0.046391095221275i,"p09"
"29",1,840.281335724812,199.941748028689,0.237946196741622,72422.0015414667,0.00981694416408449,0.00757761328450079,0.0423455401736301,0.00138786556603774,0.210304582754138,4.31456946344847,0.0150962539350585,0.0147508611117974,0.811838003646841-0.018576527962237i,"p09"
"30",3,1249.77703557798,203.750568649005,0.163029534747994,81591.8660376661,0.0146010518789412,0.00990467872578657,0.0513032387474123,0.00033551493710694,0.24611982031716,1.77965315973083,0.0216838671652772,0.0272173071755912,0.640242885519992-0.00410292000899i,"p09"
"31",5,833.246317509562,398.347149666955,0.478066498820601,30099.7318877247,0.00973475457105628,0.00801948845869779,0.0333122846493167,0,0.331884530715812,1.230847774659,0.0264551766509963,0.0262440315615667,0.55173992086804+0.004236937787833i,"p09"
"32",7,955.094010924126,241.136625804415,0.252474230857229,60573.3115397284,0.0111582920839316,0.00823872641971296,0.0395601578423115,0.000848083726415114,0.244613935270688,2.55206309807234,0.0189843568918581,0.0213710075962263,0.718473469533048+0.050183124364715i,"p09"
"33",1,1121.87806621473,175.613773830006,0.156535526559081,72188.9605019873,0.0131068177605553,0.00877167473929753,0.0438775215633576,0,0.247438882928545,2.04218202518815,0.0213477665703868,0.0244578481988073,0.671288571255642-0.01047244944637i,"p09"
"34",4,861.599589727706,224.538274846153,0.260606292671419,39358.5900289338,0.0100660037353549,0.00961630665554684,0.0618063459228317,0,0.294395238201901,1.58808376217867,0.0232574936425794,0.02780014844807,0.613613742099988+0.016448156563283i,"p09"
"35",6,1694.80508967087,58.1514091435337,0.0343115615464824,125783.17246863,0.0198002814378278,0.0131194775160622,0.0601545409117287,0.00228755650592405,0.229856479394793,1.40236460318566,0.0238224665418261,0.03031484633324,0.5837434506511+0.043997453806478i,"p09"
"36",8,972.023081559373,356.542080870333,0.366804130101879,78670.1302767903,0.0113560731533311,0.00928621089263803,0.0522279736620264,0.000984148977987478,0.21864761586389,3.2543796704597,0.0168384952470649,0.0206978207976946,0.764948105844078+0.01912311875462i,"p09"
"37",10,778.014738369093,535.297427158285,0.68802993151569,71928.9821806206,0.00908948815198426,0.00608091910449393,0.0399684750970437,0.000181363993710678,0.202018813848386,5.2600856145752,0.0129746855929557,0.0163537507658787,0.84025777576081+0.015150745048468i,"p09"
"38",1,1298.13717695034,773.085291442597,0.595534358902481,214007.253335226,0.0151660398031467,0.0107633288938453,0.0487831737826563,0.0018403600794727,0.141838004620105,6.52341115191327,0.0112710353766973,0.015332226093748,0.867081569808173-0.04752230573859i,"p09"
"39",3,985.803969246423,504.014217795565,0.51127225444309,42260.3129837029,0.011517074236187,0.00780003195210791,0.0480935469481911,0.000299174528301911,0.301021723077563,1.39766010712101,0.0246896570956249,0.02644202586548,0.582926705486729+0.05828080557435i,"p09"
"40",5,1211.4684509302,330.854135126469,0.273101734405406,97635.5731124365,0.0141534955421485,0.0111041185392446,0.0564242881292766,0.000933651322844949,0.214977277406603,2.58580759162884,0.0185959812470321,0.0220477076985617,0.721122794671268+0.062313488135434i,"p09"
"41",7,868.108730248798,574.447124174853,0.661722551747887,52908.8906160248,0.0101420495385104,0.00821883338630193,0.0481298420512525,0,0.253508587297291,2.57725241799661,0.0197845038899848,0.0206818534883658,0.720455846232949+0.011628828569591i,"p09"
"42",9,522.239917815484,100.9616033331,0.193324178962458,14374.5533929808,0.00610129000310163,0.00548121594147411,0.0315587482477786,0,0.379209619503807,1.62649085557979,0.0233586901573097,0.0256898869434544,0.619263856230235+0.014679037476056i,"p09"
"43",11,442.789933257603,156.262361453288,0.352904051597711,20054.2015325745,0.00517308176012154,0.00483603572929439,0.0293106202464581,0,0.291924308467605,4.09821526814233,0.0140220766476778,0.0199976654386276,0.803852927464874-0.006317115804683i,"p09"
"44",13,1212.23405025243,195.051354502089,0.16090238882621,106952.124883276,0.0141624399819199,0.00910093424112442,0.0441115138507981,0.000673213685050687,0.206915201088605,2.95437911286543,0.0181790283851011,0.0185049538382507,0.747115799608961+0.044782893185296i,"p09"
"45",15,1579.21835813986,275.147007292189,0.174229868766394,126862.57795373,0.0184498902755986,0.0121726553054032,0.0524108946919014,0.0010928321540881,0.219743390966891,1.77396112645435,0.0224614201429128,0.0254958436236511,0.639504681423496-0.047827560611704i,"p09"
"46",1,864.111863435061,160.12117214587,0.185301439456402,36567.3739305016,0.0100953544416737,0.010518422301155,0.0448327507532565,0.000217704402515706,0.306190688195357,1.30252158070359,0.0249272653765648,0.0282219532149438,0.565693538605434-0.022988967622276i,"p09"
"47",3,461.355984338957,116.500525315541,0.252517642059993,17911.8215872404,0.00538998754996153,0.00624389338205258,0.0342708884932271,0,0.317574352838089,2.9124703464213,0.01724668013967,0.0187945331427992,0.744407008499198-0.005989056694177i,"p09"
"48",5,757.06120581549,391.34312247469,0.516924020764139,44568.3134500391,0.00884468959419931,0.00754813887719861,0.042602564709087,0.000898030660377335,0.256367508337826,2.95438026777019,0.0175001113381783,0.0218795744608736,0.747115873465583+0.025177822550449i,"p09"
"49",7,1676.75614651061,246.809218518061,0.147194461777689,170580.728450691,0.019589416981256,0.0157434575581681,0.0830470154871866,0.000352700081702417,0.196547133940352,2.11031399820751,0.0206368274992914,0.024723273448637,0.678489052688473+0.018010300530522i,"p09"
"50",9,619.134425363971,204.125444591684,0.329694871144799,26342.1628030439,0.00723330130689843,0.00654584492819313,0.0392877627643932,0,0.285733882891604,2.84928902641328,0.0174614446059788,0.022291265258423,0.7402117655655+0.091514376502816i,"p09"
"51",11,1466.94102287381,343.746701711999,0.234328917353871,114271.528661171,0.0171381625430669,0.0123688858509102,0.0684517630809727,0.00231230875437408,0.222946394201987,1.8453567908172,0.0222673984962872,0.0228984560298955,0.648550226380294-0.048617292205632i,"p09"
"52",13,1495.40068637999,627.938805485536,0.41991341264235,155240.456841401,0.0174706546688474,0.0120130783457184,0.0531208078680459,0.000173182791727183,0.183050937993733,3.05545141030006,0.0176916105628539,0.019983331613612,0.753418325402644+0.082782822035989i,"p09"
"53",1,593.263719388586,237.65807036311,0.400594310078559,31646.3546951235,0.0069310557788257,0.00686882156693879,0.0422393997014175,0,0.266125207810486,3.53097231230601,0.0161194510328052,0.0186933390765506,0.779296819518401-0.037735845730692i,"p09"
"54",3,545.613229875714,180.280455813421,0.330418043298708,17358.8415581571,0.00637435866435789,0.00589493349236672,0.0326911223626402,0,0.345697721198784,1.98629005055956,0.0211075800706387,0.0264333381934194,0.665136345408704+0.064939385807035i,"p09"
"55",5,1288.69007258378,604.39939353405,0.469002909537627,122092.86777216,0.0150556699875434,0.0111226555934382,0.0471497168595102,0.000192425324141255,0.198028650731483,2.98677474562606,0.0173028109439691,0.0219697847870923,0.749170679608344+0.055019310564581i,"p09"
"56",7,373.202590127917,77.2165391152649,0.206902473771145,10153.7259560018,0.00436009802123859,0.0040790398601083,0.0280912082911609,0.000208746069182357,0.379838575492489,2.59105192059677,0.0178862968349507,0.022833272107739,0.721530063582646+0.002954315033133i,"p09"
"57",9,1173.4747462072,362.035724700335,0.308515991392634,120896.075961674,0.0137096179240283,0.0123657862802971,0.0610242662893727,0.000163278301886811,0.19421165864033,3.38590436932326,0.0171037907160253,0.0172425558792877,0.771996852691456-0.009249863832555i,"p09"
"58",1,1800.05640292026,542.792350510479,0.301541857038423,203673.23976639,0.0210299246792483,0.0125686524751499,0.0540872396175179,0.00243161910051391,0.176372510987444,2.71457445569516,0.0190104405465698,0.0181979015681053,0.730790158623202-0.085847945503803i,"p09"
"59",3,1401.87956031967,624.845659070431,0.445719929697775,196741.059303515,0.0163780543293378,0.0104310968656478,0.0489066197241081,0.00122458726415096,0.163867392188353,4.34446735430705,0.0153291517094073,0.0156397207120426,0.812890614965753+0.026079472557801i,"p09"
"60",5,779.129339065049,471.7932866804,0.605539110164366,64210.5541338622,0.00910250994877094,0.00665921190772268,0.0339299518361493,0,0.215366866906937,4.48998004775508,0.0137524280025167,0.0197217356231763,0.817849975536995+0.012861440419534i,"p09"
"61",7,381.255386847626,353.525676225212,0.92726736046487,36759.3362130395,0.00445417824461273,0.00346765806936059,0.0156492192702874,0,0.190615914972623,12.9126964886854,0.00732452832250336,0.0107582177866244,0.928123207401724+0.001695565974901i,"p09"
"62",9,1426.81250931703,222.297425451432,0.155800025581384,138859.620316553,0.0166693441125887,0.0123844470083065,0.0652677505278021,0.00159573855764519,0.176378429064302,3.50452685885262,0.0165138594669249,0.0189489431315396,0.778001101706225+0.113834747628242i,"p09"
"63",11,851.164880005771,172.128937591304,0.202227490389568,35043.0974652841,0.00994409580005574,0.00933669362451446,0.0626553064543632,0.000716497641509362,0.310713333596158,1.3713881315848,0.0255471257494977,0.0264867335920797,0.578306061888021+0.001219975235431i,"p09"
"64",1,770.070371584365,460.692354368347,0.598247084121034,34832.7482869683,0.00899667470745213,0.0080296606518319,0.0428445400086509,0,0.293617286108551,1.96364531884815,0.0215595298869839,0.02389140600937,0.662577706704573+0.037974764028911i,"p09"
"65",3,1606.04692017829,280.155162088077,0.174437719451544,106081.00883513,0.0187633263646042,0.0132977995888311,0.062537394423717,0.001346977268989,0.245375698792276,1.21372645410588,0.0260946522355454,0.0283340504640796,0.548273004487405+0.0100051075417i,"p09"
"66",5,1242.74805847731,611.221378393134,0.491830483438486,122516.559450036,0.0145189328638041,0.0105007044855773,0.0648690657479491,0,0.197006202760845,3.17768465543557,0.0165225626173378,0.0233270662717658,0.760632962399662-0.031600025271512i,"p09"
"67",7,317.055681883107,34.4639096424261,0.108699864445679,5917.41208852538,0.00370413788051997,0.00392711640550706,0.0301508765723271,0,0.460018924718176,1.76981765006579,0.0219473519250108,0.0274711129147584,0.638965402658818-0.019370196794446i,"p09"
"68",9,478.750211926438,326.168077955793,0.681290722866374,18150.8079539289,0.00559320301333534,0.00518429177490776,0.0293142534048231,0,0.316179385370813,3.04031745171625,0.0169079407834265,0.0205675091009997,0.75249469578802+0.043181009426549i,"p09"
"69",11,713.819519913675,195.516971341774,0.273902528422617,45368.2835971946,0.00833950020344266,0.00607862855527644,0.0322135254614251,0.000336606842525405,0.241241708584236,3.80797857088452,0.0162824486372032,0.0164519611301004,0.792012384153362-0.043748724685416i,"p09"
"70",13,1150.8174081896,255.561157654168,0.222069249070712,80854.3630097143,0.0134449139341037,0.00988026673450943,0.0444176835558057,0,0.23277834095295,2.27690982898101,0.01977932430769,0.0227650001609173,0.694834447028114+0.053865108662005i,"p09"
"71",1,663.047845106703,446.226432305153,0.672992809792395,25040.1249050967,0.0077463385140102,0.00633055227695018,0.0361600872347374,0,0.319885314941324,1.96646666261762,0.0210880601486619,0.0267068541254994,0.662898621918913+0.048547738735937i,"p09"
"72",3,1037.24312428941,389.615532599561,0.375626045115005,77049.7779560341,0.0121180340474257,0.00975559512921462,0.0592392652006187,0.000131586084905689,0.217519456447752,3.04742731651052,0.0174876570718625,0.0215140101710106,0.752929473020865+0.080144062364818i,"p09"
"73",5,850.345600124815,145.333274903289,0.170910833056532,59480.514904271,0.0099345242143211,0.00750932183735929,0.0417212985428122,0.00088105188062689,0.226465356641757,3.57099082710815,0.0159181300249453,0.0183033831081604,0.781229051244311-0.060916837452691i,"p09"
"74",7,1006.90753810169,60.9902980409804,0.0605718953658494,47792.4880795526,0.0117636256568922,0.00884337158491627,0.0493385329259162,0.000598687106918223,0.287278822821107,1.50385582280888,0.023203171321467,0.0256032823077093,0.600615981603054+0.043271390298124i,"p09"
"75",9,583.34593322509,192.163068126868,0.329415287194125,22202.7145202755,0.00681518702289958,0.00521209620336655,0.0233031696073957,0,0.311718534796491,2.55954413331207,0.0184762598241257,0.0241145023441066,0.719065149202259-0.066910922305596i,"p09"
"76",11,1152.58621093066,208.969005409664,0.181304446841275,75126.7919862104,0.0134655787245827,0.0107741937815907,0.0598550663845599,0.000368078913471776,0.232725493140475,2.22353001434178,0.0198602579696758,0.0231161902627191,0.689781079887295+0.101785590502895i,"p09"
"77",1,609.392313535932,241.827617633654,0.396834046413345,24630.8794866402,0.00711948494112895,0.00601519183496209,0.0275379166666667,0,0.311962907186678,2.34677089684095,0.0183037687292468,0.0220505690445946,0.701204524951526+0.003470717863834i,"p09"
"78",3,1341.76450483718,312.591712084376,0.232970622607362,127021.80839988,0.0156757346204472,0.010059223634057,0.04726112761787,0,0.195776324070209,2.98861725461887,0.0177130579240007,0.0201529521163173,0.749286548153501-0.066005035007392i,"p09"
"79",5,1258.84640827384,240.55279310306,0.191089867295973,80840.1895458445,0.0147070086836128,0.0121625608232234,0.0661676616510092,0.000294972484460067,0.247951959143041,1.61301072708912,0.0232823076781254,0.0248745208690309,0.617299695851615-0.023339629876284i,"p09"
"80",7,677.930620072167,85.6362573569127,0.126320090613102,29589.8041833835,0.007920212863744,0.00696410612692259,0.0451985657286116,0.000243400921513132,0.279557422435524,2.69956317170011,0.0169048698842608,0.0257936026674553,0.729697817393815-0.102418187255051i,"p09"
"81",1,712.396771982573,175.523988979546,0.246385154849971,28581.5110728415,0.00832287834549417,0.00730763574759877,0.039798300963068,0.000317598270440273,0.305326437429678,1.97544337906658,0.020968508506583,0.0224578290438226,0.663915634545293-0.078066891890146i,"p09"
"82",3,542.940505825639,30.8111493668114,0.0567486658965654,14347.1287839912,0.00634313342865399,0.00573389295474649,0.0227962184693323,0,0.380317385644503,1.51084207879596,0.0229516682338853,0.02850355960695,0.601727241850457-0.076796640098235i,"p09"
"83",5,1054.29639006074,465.13918483341,0.441184461237329,83610.298806343,0.0123172660793358,0.00871389353262898,0.0425742463484,0,0.216240900500954,3.10378570102898,0.0177225034025795,0.0208873369147405,0.756322558522181+0.053632758091413i,"p09"
"84",7,914.380407252412,90.8520629139005,0.0993591531416322,37912.7089595412,0.0106826380892857,0.0104617331558109,0.0774344809432648,0,0.307821476545958,1.21341569990464,0.0260157327822444,0.0272431232065029,0.548209583928096+0.051654140364382i,"p09"
"85",1,984.959205227456,366.980537784115,0.372584504857101,61975.4047269402,0.0115072049211689,0.0105412060981137,0.0602815825483564,0.000421971305031326,0.249953096885173,2.16800440062098,0.0206676343773682,0.0212869052143941,0.684343872816595-0.016809324610678i,"p09"
"86",3,1753.25823938066,63.4491533151635,0.0361892799874004,184999.336524946,0.0204831852255466,0.0142455416040223,0.0720115070574596,0.000571474056603776,0.184206911331191,2.45187020809721,0.019031288781742,0.0228698380784671,0.710301969739693+0.086566097746351i,"p09"
"87",5,1148.53222216875,172.100936796587,0.149844238998896,67879.3502345786,0.0134182162762866,0.0167625335991032,0.0788462299710034,0.000339994103773583,0.259489886611327,1.17650186840624,0.0262556073498971,0.0287371340915929,0.540547143783406+0.017449076230451i,"p09"
"88",7,752.307500511184,588.071048664837,0.78168973227736,47242.7245594392,0.00878915240973402,0.00713658388565993,0.0440083579646353,0.000952456761006293,0.246926872208699,3.31245596963349,0.0163072454847031,0.0209407536675715,0.76811357448248-0.029421384280118i,"p09"
"89",9,447.423900497641,237.015434874761,0.529733513590006,12336.8696722045,0.00522722005371389,0.00406060966192758,0.0247224308372323,0,0.377522689817369,2.17780897295784,0.0197036479587856,0.0255535124711159,0.685317774444692-0.015455806402764i,"p09"
"90",11,1916.20827482548,241.118152705511,0.125830869156157,305511.792362966,0.0223869183343125,0.0164004224617243,0.0793681809662651,0.00126209323790222,0.152614769937888,3.48879455357649,0.0161119992060849,0.0225026916323569,0.777223041049353+0.046561315727213i,"p09"
"91",1,679.915451961025,387.767484337428,0.570317211087087,50888.3668796506,0.00794340150664204,0.00633382116705174,0.025290386059209,0,0.225446242443292,4.68020210167634,0.0133567088879502,0.0184726036069745,0.82394992605899+0.015843014330434i,"p09"
"92",3,862.353055116145,158.909001662579,0.184273715643272,37812.4226056171,0.010074806415283,0.00779794635843249,0.043185011148958,0.000718308197570943,0.299879851061231,1.65050266456716,0.022962187457733,0.0274942860000103,0.622713075007111+0.02478623879715i,"p09"
"93",5,1047.68104056641,107.903860657752,0.10299304509645,57887.2550116944,0.0122399794446686,0.0142359616015558,0.0815294065613617,0.000490590241352837,0.268020667603813,1.34820634012644,0.026234065454371,0.0246922635547811,0.574143045731596+0.020713241934916i,"p09"
"94",7,1170.40783445946,122.847193479643,0.104961014325727,71365.5873434239,0.0136737874228572,0.00896024426752759,0.0435226244760956,6.80326257861503e-05,0.254578540059917,1.79009851228992,0.0212988289720624,0.0295414973996337,0.641589716063729+0.00886578605143i,"p09"
"95",1,980.183032731629,328.684096781184,0.335329306675702,56989.2478974704,0.0114514052541811,0.0111196855080631,0.0483724985912615,0,0.257681661531969,1.94785253701753,0.0212305129416291,0.023836319113105,0.660770005472613-0.051996012223875i,"p09"
"96",3,454.293872648964,159.6457408391,0.351415131153353,12718.3785477019,0.00530748142588894,0.00453702740871931,0.0252667663636669,0,0.375320312488368,2.10364381966483,0.0197941362914287,0.0260152256948617,0.677798079256403-0.003966058342188i,"p09"
"97",5,1225.71423139905,311.318489868049,0.253989455203358,119596.05245921,0.0143199279326953,0.0115726495959999,0.0550830134427762,9.52456761005977e-05,0.185729146897983,3.66714854710363,0.0155986683381831,0.0181845550186101,0.785736410592591+0.081680607345238i,"p09"
"98",7,481.722210569478,100.32396176219,0.208261025879603,18373.0824054153,0.00562792465178431,0.0045905584705724,0.0289534113451428,0,0.319970097523403,3.01979704089444,0.0174886278731129,0.0185134137578699,0.751231221420699-0.003724110489809i,"p09"
"99",1,403.447431326219,203.475941563973,0.504343133119235,11805.7460061759,0.00471344624482994,0.00454490553797458,0.0263753745026912,0,0.363976345382565,2.58996032213927,0.0192494729029386,0.0196621468295119,0.721445389289401+0.03136139024981i,"p09"
"100",3,859.61600023475,478.006077835766,0.556069312001206,53650.7996857736,0.0100428296072755,0.0105548986480988,0.0448018174050162,0.000172574685534624,0.249973165638609,2.48493366679529,0.0184905229815555,0.023606625736977,0.713050492315514+0.026282311682627i,"p09"
"101",5,605.909617012591,217.331743035411,0.358686736327037,24628.9410366633,0.00707879685744017,0.00618329592275537,0.0452946408730036,0.000294354144811793,0.310367213912052,2.37382591274405,0.0199622878606338,0.0244743269830845,0.70360059295808-0.019662192395921i,"p09"
"102",1,772.152680145348,27.4302728099966,0.0355244157215555,39113.3803322654,0.00902100216303929,0.00644050819135835,0.0419066281261801,0.00120477309504261,0.249660815209294,3.19289063538705,0.0175483704261812,0.0175670287566639,0.761501053340093-0.110791367206163i,"p09"
"103",2,554.889251299959,95.5971375304745,0.172281472936294,19703.7848087254,0.00648272973070808,0.00645717355576231,0.0432910250834326,0.000190491352201259,0.327901561957823,2.18857421914347,0.0197873690934542,0.026169387234407,0.686380202788999-0.056628755315824i,"p09"
"104",4,887.355479996748,289.611129141599,0.326375545843995,44039.835048997,0.0103669078800952,0.00859037272525647,0.0442914007212205,0.00216329733280516,0.281722035497249,1.85451126561997,0.0228233207353954,0.0226836634958813,0.649677332843593+0.020936368772856i,"p09"
"105",6,772.601737137017,546.608698444849,0.707490900124536,45486.4902714884,0.00902624846237534,0.00812314196944074,0.0397477595102845,0,0.253206408835315,2.93078247312464,0.0178042768868155,0.0210740198853318,0.745597725939516-0.0478520074469i,"p09"
"106",8,1026.63982181538,91.0584071174193,0.0886955728606,81336.2057632728,0.0119941564555801,0.00923547063320294,0.0531689193046889,0.000684805424528303,0.215683066003699,3.18190567102338,0.0168400374730572,0.0208550483440322,0.760874568039866+0.055904293247302i,"p09"
"107",10,765.815120779713,44.0456561104308,0.057514738107529,48113.7187713693,0.00894696092972385,0.00582129022392642,0.0388768003144653,0,0.247821335540548,3.32806034225189,0.0159667760291325,0.0204119712837033,0.768949616936325+0.019993580902945i,"p09"
"108",1,292.117828236985,38.1084497365858,0.130455747828133,7638.37037729523,0.00341279079662345,0.00402110429837832,0.0337459776338857,0,0.38512052998603,3.19119830852463,0.0160068370136369,0.0218066840022161,0.761404751961733+0.020944865431052i,"p09"
"109",2,925.31210495972,261.71046376807,0.282834799593876,63172.4892053882,0.010810352298145,0.00886943747884995,0.0396603959300963,0,0.237418027562924,2.80624670751496,0.0179533882802394,0.0229653734240414,0.737273992769406-0.033714374812661i,"p09"
"110",4,376.719000092692,177.022785211396,0.469906708097651,9685.53776050309,0.00440117997654877,0.00353576890049432,0.0212176947482272,0,0.385644606583973,2.56856324058409,0.0187206918116206,0.0228896315779275,0.719775177688508+0.044356837320218i,"p09"
"111",6,1152.49719434345,836.219524124764,0.725571852347233,117405.523751083,0.0134645387504346,0.0124495158227963,0.0591041062003403,0,0.191273169630402,3.57869315221821,0.0158547445846411,0.0183675657651723,0.781597070003362-0.044658876729766i,"p09"
"112",8,1267.80684678295,234.959787390751,0.185327747666737,83384.6911804762,0.0148116928183066,0.0134195529642705,0.0763761111443521,0.000976674996212223,0.244472212260192,1.59707549881277,0.0236453384326752,0.025409743818183,0.614951509704996-0.035573582623779i,"p09"
"113",1,1014.64160647491,314.906251047292,0.310362052016914,54884.9273359854,0.01185398220077,0.00993634033304735,0.0675859012621009,0,0.267765926917093,1.76042908784482,0.0227546163276961,0.0255125685089822,0.637737479146498+0.050391613264043i,"p09"
"114",3,374.986519752786,36.5830262788633,0.0975582437016166,9356.91874305396,0.00438093953797285,0.00645770253217579,0.0536035197955945,0,0.396952767889479,1.62918258510982,0.0222985654057218,0.0268539725457237,0.619653649897339-0.042508521876524i,"p09"
"115",5,273.607231857581,39.4740000000002,0.144272502345798,4868.96498789353,0.00319653287992969,0.00292617848912012,0.016872102264064,0,0.451619418290669,2.4857161139039,0.017719230977821,0.0245452609843888,0.713114904564035+0.081523650501421i,"p09"
"116",7,779.530369805748,194.90766037525,0.250032157725708,42312.8099929717,0.00910719516099944,0.00656984213611834,0.0285625545060967,0.00104064596194638,0.268287103170324,2.6260632381613,0.0187946311095987,0.0232487810885008,0.724218819606941-0.015602770414659i,"p09"
"117",9,1002.9458453567,321.490463116408,0.320546183629755,55669.8799405051,0.0117173414960768,0.00905320407313691,0.0536195400806698,0.000439640282544711,0.257531584282426,2.05789347434227,0.0209238183372968,0.0242096961190923,0.672977489768478+0.084566529930429i,"p09"
"118",11,1354.44135368854,448.546524354838,0.331167180574718,101507.303531026,0.0158238372999421,0.0148687390565534,0.0987555988006307,0.00057181210691805,0.229853331321443,1.71370332715453,0.0219979604295086,0.0280179892313059,0.631499880626762-0.007771728388314i,"p09"
"119",1,543.848176150171,106.317560196324,0.195491250791594,19748.5607366327,0.0063537376733474,0.00465458924939774,0.0238847069334225,0,0.322463443651115,2.59147873617572,0.0187262850389174,0.0203950194105358,0.721563157279104-0.052907435763331i,"p09"
"120",3,686.728901686446,245.411182469531,0.357362536900454,54960.0152865208,0.00802300253153159,0.0053021659021177,0.0279251814789985,0.000801094251252726,0.217145524077862,5.14930629780674,0.012843855581269,0.0170700282237278,0.837380030922079+0.016231579058847i,"p09"
"121",5,412.573373547212,19.6942411730932,0.0477351240671848,11633.2460205529,0.00482006394704378,0.00460323324299647,0.0263294357123115,0,0.373620624569785,2.34303704659313,0.0195138627065236,0.0222771440529395,0.700870799197665-0.002109327689482i,"p09"
"122",7,1009.58425558115,361.278741931446,0.357849025412429,60926.1672320659,0.0117948975475337,0.00734620910988387,0.0393860805297597,7.69701296564661e-05,0.254007490788916,2.22291786897816,0.0198521396090317,0.0247511514805278,0.689722158412602+0.030655258554232i,"p09"
"123",9,421.077737913766,207.609243743512,0.493042554973611,9432.33192220253,0.0049194198015511,0.00492093485348464,0.0219761564566986,0,0.414579506076219,1.62497216123976,0.0231697202484472,0.0268661380942312,0.619043578912583+0.065810519848772i,"p09"
"124",11,715.085214657672,95.1586345429211,0.133073139525722,50306.2587168997,0.00835428722072168,0.00582715307455198,0.0331083041219281,0.000553219339622677,0.222716364550043,4.6133724337409,0.014529158083973,0.0171697279105563,0.821853972490905-0.054756230807072i,"p09"
"125",13,859.48018307773,407.508433791814,0.474133600535802,34801.72962129,0.0100412428655614,0.00928518791205158,0.053810036709877,0.000551032129367177,0.311667605156064,1.34826192914392,0.0259002495576245,0.0249974254274904,0.574153126791712-0.043483751516095i,"p09"
"126",15,981.555496940085,374.84814676973,0.381891954085415,64413.5191754196,0.0114674396511488,0.00745672698005966,0.041691938819407,0.000585080581760968,0.21089673210554,3.6406878423007,0.0165045517921541,0.0161808708971368,0.784514702565249+0.117750812202533i,"p09"
"127",17,1064.2294475938,270.00504416235,0.253709427767505,81086.0198482407,0.0124333132495332,0.00887202261089115,0.0595917523877735,0.000927823941451391,0.226304867354123,2.73143522546528,0.0191806701765465,0.0184696001529005,0.732006603471106-0.015352254556468i,"p09"
"128",19,858.967335387444,230.289851634711,0.268100825429919,31902.3927636436,0.0100352513042519,0.00805026921667989,0.0395913704751318,0.000367376179245262,0.324700368913347,1.27626685158592,0.0265730906550432,0.0246214839465808,0.560684196888744-0.052527672371672i,"p09"
"129",1,840.932343196948,161.045109000719,0.191507807142342,33890.1418162158,0.00982454983581925,0.00817760677378214,0.0384902078890445,0,0.310294925179128,1.50020697750868,0.024266351082189,0.0275254328190077,0.600033113659875-0.058075193545544i,"p09"
"130",3,2142.5891577514,411.94511853758,0.192265099936334,193815.52776484,0.0250317093025458,0.0168174765795175,0.0801442452657532,0.000915789423537238,0.20962502312196,1.29234473390227,0.0259483616912653,0.0273781666918344,0.563765438413055-0.004808323308222i,"p09"
"131",5,1228.4731148686,204.722092760117,0.166647597153165,83448.7182371802,0.0143521597624698,0.00940788893503508,0.0458512448350955,0,0.209365246251754,2.81356536381905,0.0178043719301491,0.0220974177124669,0.73777819321325-0.139834386258122i,"p09"
"132",7,1293.56952787852,327.576442237048,0.253234507444126,193340.684651227,0.0151126762997666,0.00963844573717903,0.0456865788508973,0.00101599419199409,0.159801128945689,5.04842806151686,0.0134836864483556,0.0146286084191026,0.834667786434875+0.001585762763619i,"p09"
"133",8,677.258708701615,122.912323924054,0.181485040125495,25712.6131218463,0.00791236297332339,0.00835888893365324,0.0445028832621366,0,0.323215617394207,1.6274066885998,0.0236114869963678,0.02600597348828,0.619396569119293-0.000500631264678i,"p09"
"134",10,1157.50781400661,311.94497393816,0.269497078260225,101309.988396559,0.0135230774461897,0.0115134839002259,0.0597481649707368,0.00158930000906649,0.211471343907699,2.80807481668841,0.0179511548684692,0.0217200887009774,0.737400117346008+0.004410662415104i,"p09"
"135",12,774.441632621615,252.117719226105,0.325547734788797,31181.4148143808,0.00904774382407402,0.00621462073516385,0.0366160116436822,0.000417154088050377,0.312340943415842,1.77892600747877,0.0214019167566284,0.0263797654385393,0.640148749081927+0.028515457389396i,"p09"
"136",1,825.529576909773,513.055888770514,0.621486986197454,62213.9879132328,0.0096446004662629,0.00724138132865324,0.0354351364741727,0.000303822720125786,0.226464370006109,3.70580583982834,0.0149543688130897,0.0214999553731576,0.787496544898572+0.010939361755294i,"p09"
"137",3,510.070706859942,79.2887862866843,0.155446657140528,17323.6400260275,0.00595911801927615,0.00551057888727379,0.027628867146967,0.000408195754716902,0.338548646233502,2.32241938601815,0.0189480576538564,0.0227965058340777,0.699014518092347-0.031543557198221i,"p09"
"138",5,1119.96864896941,643.623183192464,0.574679642849576,124236.822909518,0.0130845101813121,0.0107903082012481,0.0630764632151388,0,0.182321954542831,4.26348541553304,0.0144733961249675,0.0185886309577481,0.810011822765024+0.039743675450774i,"p09"
"139",7,517.296172967267,51.5747303951075,0.0997005837086892,11306.4258080693,0.00604353260082092,0.00458409303548407,0.0241363323904936,0,0.426614100868521,1.23043540947574,0.0265609899758063,0.0258081873947604,0.551657046085433-0.006265222882444i,"p09"
"140",9,573.51612529258,304.200737360778,0.530413573298553,39538.4066764993,0.00670034611008329,0.00604633795411081,0.0380302940613623,0,0.228721286604266,5.42563021800956,0.012469957123835,0.0179349690976171,0.84437324183436+0.036429092099692i,"p09"
"141",1,764.291696356961,535.38429616592,0.700497334614335,39249.6222458416,0.00892916287583342,0.0066368342970737,0.0328594413303124,0.000344642295597489,0.273390737115083,2.54980564622144,0.0184073405654308,0.0226857478450167,0.718294436467405+0.04075664571627i,"p09"
"142",3,1014.53437790737,345.394367128649,0.340446193495263,56276.7980596451,0.0118527294574142,0.00873140842677064,0.0362398885626,0.000761965408805034,0.248219086312263,2.26826783106821,0.0201560733505409,0.0218139732497228,0.694027524153931+0.113777900193717i,"p09"
"143",5,1244.71945314235,88.4272481244766,0.0710419106098471,135439.925110663,0.0145419645206186,0.0126895471013983,0.0795696632288206,0.00010885220125779,0.18889183141074,3.39741853829617,0.0162528218053257,0.0192302354102595,0.772593854487305+0.010713495025499i,"p09"
"144",7,1054.68034713094,236.345453625297,0.224092023965584,61106.1503682819,0.0123217518211454,0.0126452936455358,0.0721435854837191,0.000543312464331278,0.260786971627403,1.62226944107247,0.0228075716160373,0.0262940600175952,0.61865093482117+0.030941169405609i,"p09"
"145",9,1211.86296000607,600.428570273538,0.495459132004934,112594.933957626,0.0141581045622533,0.0111366205479246,0.0526738506035093,0.000224404561683552,0.205110724412529,2.91732897168376,0.017585262861673,0.022694952247012,0.744724018016241-0.003256883843039i,"p09"
"146",1,725.07186137806,187.841897978005,0.259066594614492,30557.3707835341,0.00847096046939728,0.00748777654112771,0.0376649886392506,0,0.303478045299395,1.95456367988868,0.0211667579372308,0.0215937100379918,0.661540549351884-0.04448807301037i,"p09"
"147",3,792.302640864018,190.029165582585,0.239844165324699,37643.3759596983,0.00925641265101955,0.00778875093013313,0.0342520114550823,0.00028108883647795,0.2871356245029,2.05461525117611,0.0208896741802773,0.0225624983200288,0.672626528131498-0.027352316048087i,"p09"
"148",5,600.203576136748,131.847992124241,0.219672120204431,26354.7778424279,0.00701213360753254,0.00474600134200871,0.0230719384578376,0,0.28688268004036,3.11728102357528,0.0172919190288162,0.0191388108602015,0.757121266614043-0.065514591484398i,"p09"
"149",7,479.849187758924,125.966627362132,0.262512953185237,16977.7545018741,0.00560604226600764,0.00448623915180957,0.0244149782813956,0.000448809123367135,0.330545207785489,2.803790389909,0.0183932968981177,0.0200909705644285,0.737104336071493-0.028689447889663i,"p09"
"150",9,975.111868707705,84.5378036361606,0.086695492434316,48107.0230956939,0.0113921592231755,0.0114669049902956,0.0569341204893338,0,0.283557150446473,1.41677740918338,0.0247515762699641,0.027483275463496,0.586225857540642+0.0172692515003i,"p09"
"151",11,826.865297572724,648.801779677647,0.78465232678432,76315.3014340678,0.00966020559112943,0.00596787986248211,0.0318391462835098,0,0.1972896762486,5.21268150338999,0.0121716293235082,0.0191263328461738,0.839038907844488-0.038483032372029i,"p09"
"152",13,1256.45948846938,396.804791780744,0.315811847037051,137720.909158231,0.0146791224775908,0.0118302066473464,0.0556449534062069,0.000326556603773559,0.18573705642174,3.55861463608883,0.0154728241351494,0.0189359543386759,0.780635109604708-0.035225208472134i,"p09"
"153",1,967.11019020838,536.394709979284,0.554636602333503,118915.385624499,0.0112986762101569,0.00598475425733225,0.0262128117174917,0.00167475804145327,0.163349310421905,6.72251665816768,0.0114219698055361,0.0142067955057226,0.870508534424156-0.047359312509231i,"p09"
"154",3,828.439766332968,208.392634446359,0.251548323626224,37913.2923728917,0.00967859999220711,0.0096984854650313,0.0476916884574775,0,0.294065152064678,1.65013884366609,0.0225967843766774,0.0260407864903577,0.622661279657091+0.015980414905301i,"p09"
"155",5,1252.55938197885,613.779514902203,0.490020292636767,133165.934916819,0.0146335578243922,0.0132383931853275,0.0720890746172619,0.000408195754716965,0.191437047433461,3.22987027454693,0.0165188346002154,0.0209747570966488,0.763586130284548+0.006128566079172i,"p09"
"156",7,913.119531620656,194.261298576003,0.212744653737958,68031.3733131788,0.0106679073733355,0.00674583677693516,0.0380021573486573,0.00034033215408792,0.228517425818856,3.28469137172459,0.0163274964398949,0.0201445103534917,0.766610961387051-0.002843372625426i,"p09"
"157",9,439.181564522387,190.110915858561,0.432875446548646,11794.9160068399,0.005130925457356,0.00477829752371913,0.0346207196301015,0,0.371483455070228,2.20131384402409,0.0200074004096943,0.0220246348792804,0.687628252423078-0.077880407672705i,"p09"
"158",11,551.088150577433,82.9893324947249,0.150591756342009,16564.5776759847,0.00643832175451174,0.00792361255521268,0.0450600818744013,0,0.362522571478512,1.36608186974067,0.0242484674356433,0.028946418489622,0.577360355620491-0.037382229242271i,"p09"
"159",1,569.525266055907,201.02663944916,0.352972293646103,19295.1440265545,0.0066537211993213,0.00483801922218977,0.0257102543259969,0.000190491352201259,0.339227744592059,2.13471651127639,0.0198799712608311,0.0231652770265474,0.680991886697651+0.03192065321783i,"p09"
"160",3,610.954011337577,367.660615905679,0.601781163693075,31596.3602295871,0.00713773014004997,0.00602344940071958,0.0295480414097371,0,0.256946272992642,3.85435468668773,0.0148376624614652,0.0212697880596599,0.793999395482507+0.073844314337364i,"p09"
"161",5,1342.1832075817,477.199904683073,0.355540064864076,118460.617794662,0.0156806262933782,0.0105421360602088,0.0419845612299101,0.001437875290685,0.210727339533246,2.46186997672076,0.0193917191019713,0.0223133048360752,0.71113877565464-0.011908463058039i,"p09"
"162",7,823.715501454155,594.62997794222,0.721887565418502,62085.7348651677,0.00962340675803674,0.0090109969296514,0.0409864317536467,0,0.224332990321857,3.64503704705243,0.0154084520394174,0.0228085805828637,0.784716464073292+0.032760137734282i,"p09"
"163",9,395.09027946428,156.687042898856,0.396585416151757,10674.2759606858,0.00461581026303266,0.00368943858853967,0.019231710598162,0,0.377589512738149,2.55356433500823,0.0195529096094074,0.0187918761427765,0.718592403084301-0.037704554646203i,"p09"
"164",11,744.03052934848,290.640984964057,0.390630456009057,26543.363300896,0.00869245317306478,0.00668825743750974,0.0325663503494166,0,0.320131979927429,1.69573815753747,0.0236912363281315,0.0226056526971456,0.629044090501174-0.101914453018235i,"p09"
"165",13,538.580057060801,307.481993123728,0.570912326018444,22091.6875480465,0.00629219063100416,0.00721296438005051,0.0500237538045038,0,0.309366782921268,2.52896236468401,0.0191797958421176,0.0213206042786776,0.716630585237329-0.012038952629526i,"p09"
"166",15,1434.6996368051,306.279802481348,0.213480086440529,131610.586416153,0.0167614888346878,0.013402537012981,0.0758423587207377,0.00163291592611128,0.1940219243757,2.69827831869492,0.0182186523410699,0.0198962679940506,0.729603909217712+0.096577359976825i,"p09"
"167",1,511.855088508466,349.002153049634,0.681837810905853,19933.0435527007,0.00597996481696905,0.00571672683259224,0.0324872474738005,0,0.31547939464071,2.77267105040502,0.0177060366064606,0.0234927757820978,0.734935808969445-0.027653502333899i,"p09"
"168",3,1475.5333813087,394.515806517956,0.267371657947885,185092.716892506,0.0172385464257106,0.0143160977161525,0.0622213486190252,0.000408195754717028,0.175884262421867,3.31762472211592,0.015976723073581,0.0208990713024984,0.768391172378239-0.013202918567153i,"p09"
"169",5,514.953150679554,242.211197015373,0.470355791970087,27810.6627770246,0.00601615924621244,0.00606776732615868,0.0433058689708651,0.000204097877358451,0.266807215540611,4.17449871618841,0.0145878524133412,0.01772025169184,0.806744565058737+0.013209901116581i,"p09"
"170",7,1333.3419292823,224.288224969585,0.168215084250979,127294.980749099,0.0155773342985256,0.0122731410114146,0.0510084392700117,0.000718813200909665,0.198243392526169,2.81550894831406,0.01829374696037,0.0207678785181891,0.737911766543788+0.052984778394298i,"p09"
"171",9,1282.09718335085,63.5357561946964,0.0495561155735803,228182.407667896,0.0149786457544348,0.00964786319804777,0.0589112148638532,0,0.144690842284525,6.37121459539805,0.0123501193531551,0.0157611248149739,0.86433714728312+0.01294859292126i,"p09"
"172",1,760.441829095975,314.938941924304,0.414152575350449,27546.3714353731,0.00888418516380601,0.00735549838521066,0.0323642268867164,0,0.3253005721512,1.51838395947598,0.0241122285751348,0.0257849251556276,0.602919961335809+0.072085300694359i,"p15"
"173",3,435.745608350091,61.3487668009585,0.140790327258259,7365.17414583048,0.00509078343770186,0.00528306149713936,0.0242158307673918,0,0.486202127934133,0.806051760965876,0.0298702564382739,0.0320823586144548,0.446306013142613-0.00807819230089i,"p15"
"174",5,944.258184612463,167.490775301726,0.17737815571116,59749.5443892881,0.0110316979334361,0.00866985167858502,0.0418779637040238,0,0.249012868916201,2.43621178410628,0.0192670799106529,0.0226199392899024,0.708981848957808+0.010869535463489i,"p15"
"175",7,423.677407670476,194.469193211326,0.459002981255444,9147.14481545028,0.00494979154939513,0.00476146012449102,0.0298259448094812,0,0.424281487836246,1.52853331159889,0.0238598807505621,0.0276340851239639,0.604513812251237+0.056836803430128i,"p15"
"176",9,416.785709203239,287.16716619406,0.689004348884782,11749.2200444343,0.00486927635029194,0.00431260630980357,0.0274415639190944,0,0.37143634757769,2.41203110206609,0.0178422165442398,0.0238975304463682,0.70691943593525+0.03023353844584i,"p15"
"177",11,399.27711029807,292.32518630439,0.732136099878508,16458.7525606666,0.00466472469534518,0.00355486270528025,0.0260889554261034,0,0.304564556814195,4.33965865466408,0.0136623652027319,0.0204037094660275,0.812722111154705-0.015053333809892i,"p15"
"178",13,281.468864147971,42.1779954145556,0.149849595415222,4248.28791219603,0.00328837974353608,0.00263160984197062,0.0143498827446387,0,0.498988773940439,1.89085552388644,0.0215593949636029,0.0249513797397156,0.65408164062948+0.076090375921334i,"p15"
"179",15,1054.09836227033,195.421112612106,0.185391723967017,81629.2686993468,0.0123149525354324,0.00859141862097838,0.0338168165683526,0.000181363993710678,0.223746770624171,2.8571159882831,0.0182336105334235,0.0199489607469811,0.740738934727984+0.023182512934866i,"p15"
"180",17,724.660132876425,85.5224741385464,0.118017357735796,22838.0553380419,0.00846615027602577,0.00746556222596134,0.0383955268184412,0.000399068396226415,0.35228291929676,1.22389419853666,0.0266087272781485,0.026525094457567,0.550338320654819+0.057894179462044i,"p15"
"181",19,863.198252121298,179.113199483455,0.207499492779656,30221.5678024283,0.0100846807888463,0.00661438279849388,0.027755040420881,0.000122458726415108,0.333176648830651,1.26777656629909,0.0264806154968716,0.0279846302422796,0.559039450860913+0.062575171823761i,"p15"
"182",1,475.019019901944,284.653554211257,0.5992466454712,20976.2298587851,0.00554961177524322,0.00518290559210345,0.0295953973558121,0,0.296084786583042,3.62647386263441,0.0149033878216724,0.0192268859892534,0.783852664104195+0.011930325625617i,"p15"
"183",3,517.077152157482,232.798702387799,0.450220438896704,10874.2456751361,0.00604097379703816,0.00453945171698483,0.0273640455579211,0.000285737028301856,0.430175872276353,1.20333198499083,0.0255111758712122,0.0303431165239088,0.546141931033528+0.064901439750449i,"p15"
"184",5,583.718765711334,279.291641711815,0.47846952696726,17311.3028648818,0.00681954279702475,0.00562436596135429,0.0288637990520057,0.00010885220125779,0.361293252697094,1.65351983585818,0.0229102521935372,0.0247686039059441,0.623142067194463-0.055701569931666i,"p15"
"185",7,469.442825125774,28.0995919294764,0.0598573253770529,14693.4313934237,0.00548446550763215,0.00629287251070042,0.052725659769731,0,0.355304832618204,2.04777529637025,0.0209638715547732,0.0251924899711926,0.671891821818049+0.00150293560109i,"p15"
"186",9,849.157351313468,226.779952721134,0.267064699340297,54119.3022470857,0.00992064199209613,0.0101765613426175,0.0479545262243441,0,0.239956107339092,2.85986179976256,0.0169859265727536,0.0225706014700648,0.740923366722219-0.067222798329367i,"p15"
"187",1,707.812646772742,409.511363527656,0.578558980819027,33669.7638263177,0.00826932235262273,0.00655496599394477,0.039033422472425,0.000630379323899377,0.280697743698911,2.59271014543987,0.0186506228449574,0.0212875723184038,0.72165859211624+0.058362771822366i,"p15"
"188",3,303.680818982391,6.64778171753646,0.0218906868725283,4779.12049379248,0.0035478803549552,0.00393258368736111,0.0202151814841725,0,0.502642325440243,1.36207417042347,0.0251100563660189,0.0241798970936939,0.57664326864862-0.006253523522168i,"p15"
"189",5,475.779065927809,115.687861528197,0.243154585422114,11858.2243134797,0.00555849133626741,0.00724352380902418,0.062951647975751,0,0.366299866058343,1.62719232597027,0.0219715177595232,0.0263322219666963,0.619365514235551+0.17652647621444i,"p15"
"190",7,1121.86098287153,601.263408458559,0.535951795845114,117952.664536534,0.013106618177131,0.00757779618735348,0.0380787602386439,0.000127106918238983,0.191662575913564,3.9432761468693,0.0151115433311344,0.0208181478158467,0.797705009736645-0.001634872397258i,"p15"
"191",9,600.303236291534,294.974070704257,0.491375113228616,24707.926900738,0.00701329792968671,0.00499602959950233,0.0263675359978203,0.000860552210744792,0.308605145113317,2.56962179037307,0.0178664568670411,0.02462474000769,0.7198582766676-0.007189135953127i,"p15"
"192",11,394.861582693361,107.560245342324,0.272399873922028,10770.0039399196,0.00461313841571775,0.00489427908869088,0.0291325136473102,0,0.378389075711975,2.29791335552574,0.0194380342633,0.0230300843425172,0.696777964671366-0.028827465721898i,"p15"
"193",1,228.620866688869,10.0208342526957,0.0438316694264532,2467.92801043633,0.00267096053144307,0.00259750691393998,0.0123612154186161,0,0.607043840544054,1.2823878870289,0.0247258474808876,0.030022321873246,0.561862378571528-0.005413806374952i,"p15"
"194",3,304.0770104429,94.2265054313949,0.309877110716626,8173.88575395286,0.00355250903023424,0.00464398149523332,0.0414013527652284,0,0.372903824179755,3.13897496701594,0.0164155156360603,0.0201912591627505,0.758394286515589+0.054546643755804i,"p15"
"195",5,457.132032429667,42.6164849836304,0.0932257684002645,12106.7871631269,0.00534063943489301,0.00405621954468759,0.0157411367807416,0,0.385811701117713,2.00387340643995,0.0203639015868733,0.0245838591271278,0.667096490199581-0.011120101603939i,"p15"
"196",7,327.875889441372,74.8504022369953,0.228288827106268,5200.96555109362,0.00383054955828462,0.00309027965719277,0.0178512892816596,0,0.493602666810114,1.5530037861088,0.023621974195268,0.0240785806300069,0.608304537015919-0.060841561498045i,"p15"
"197",9,224.783886171926,19.7653872840304,0.087930623589775,3309.44449356998,0.00262613337428501,0.00292845465505802,0.0229552167594333,0,0.517538564218491,2.03400626795618,0.020482724519338,0.0247411119074283,0.670402790343068-0.015043172571427i,"p15"
"198",11,729.751441080185,104.117465643385,0.142675244997488,70017.3950761258,0.00852563164998171,0.00588617481040903,0.0354754659098779,0.000571474056603776,0.197741558455974,5.92026460112501,0.0128623590105377,0.0149098688178058,0.855496854869186+0.012614935170628i,"p15"
"199",13,757.959494081472,147.430343818796,0.194509528503839,35625.0873429668,0.00885518422900254,0.00887285284778883,0.0502209817593312,0.000122458726415108,0.279841361879616,2.1989888542928,0.0199433664624844,0.0240638227165634,0.68740122409052-0.083667791379206i,"p15"
"200",15,534.749267251773,350.939969001223,0.656270126006534,32823.144026121,0.00624743579942488,0.00461935343245983,0.0223778991015777,0.00155562303459119,0.249332027421145,4.9420522525046,0.0137681746669534,0.015559597057122,0.831707976048427-0.007529851182199i,"p15"
"201",17,258.462435264931,58.9098203933845,0.227924109486163,3091.98793350744,0.00301959735107111,0.00232435837761347,0.0109329461290635,0,0.546384942391664,1.66613721608731,0.0219098233032785,0.0283549208188737,0.624925531226953+0.118908215683901i,"p15"
"202",1,474.988570132076,96.0817617119922,0.202282260571608,10456.6935017218,0.00554925603285327,0.00422835992227919,0.0224972342803833,0,0.416756204464935,1.51276730018783,0.0237169641287518,0.0261598778307946,0.602032388782977+0.07392161353671i,"p15"
"203",3,484.313115692924,168.843341154574,0.348624341740166,13028.2338362053,0.00565819400307172,0.00499415708415055,0.0274013278135181,0,0.379469837331469,1.83488435399387,0.0214421418998886,0.0252992832579016,0.647251924548115-0.050255402275561i,"p15"
"204",5,593.460523817745,371.182462161578,0.625454343237107,29733.9915799583,0.00693335503029085,0.00576218028774495,0.0328580752797315,0,0.278282083317201,3.28885011543378,0.0159999236201621,0.0215711490946019,0.766837270343998-0.014153145402693i,"p15"
"205",1,345.41318731954,45.100721498056,0.130570352128257,6370.72624404576,0.00403543650119213,0.00384224047011971,0.0209029534824868,0,0.459471871787138,1.6522633725989,0.0222059682930955,0.0263937153949372,0.622963537357861-0.050053925443719i,"p15"
"206",3,176.048266614027,91.7730259305127,0.521294686369838,1852.56844708496,0.00205675876644695,0.00218599800708606,0.0160293537230419,0,0.611928369367494,1.81736659085958,0.0213243338199586,0.0271044349967037,0.645058614933423-0.024531592559769i,"p15"
"207",5,621.318878901029,146.585470404246,0.235926309954596,23658.3462645627,0.00725882211462151,0.00696442581884687,0.0366104630346843,0.000362727987421356,0.318895369962418,2.04679826578404,0.0211763516541827,0.0228494763213348,0.671786605883909+0.045764130787298i,"p15"
"208",7,1547.26587146617,508.555121560303,0.328679854534891,161091.578902756,0.0180765917573009,0.0109751317064553,0.0507681298341114,0.0013986408961932,0.181368975174957,3.04872693583616,0.0161791561055668,0.0223730469921223,0.753008781316225-0.087995808318567i,"p15"
"209",9,230.241406811563,65.1939318503845,0.283154679921415,4123.13500091973,0.00268989318081153,0.00272737155200951,0.014552464878072,0,0.465709128257834,2.79084732055887,0.0160941493453803,0.0263758651709992,0.73620673283867+0.025122240067373i,"p15"
"210",11,992.686041806552,29.5062093001168,0.0297236065155299,28183.136151861,0.0115974769765354,0.0103365064787484,0.0581383700539969,0,0.375640589451642,0.459244840358844,0.0362153815305782,0.0367033676969802,0.314714040891116-0.017320302223199i,"p15"
"211",13,635.139142990721,285.499198490347,0.449506539852036,26176.0562206977,0.00742028322905218,0.00912608455060444,0.0411005977221832,0,0.30550870907813,1.94876327719737,0.0211165275293773,0.0239622697824525,0.660874778340822+0.059607127769509i,"p15"
"212",1,669.343472238185,110.555112132477,0.165169478328962,29348.6308575805,0.00781988985616198,0.00762697645686288,0.060766389286038,0.000136065251572301,0.290838352146125,2.38020506729316,0.0190600249375551,0.0234352808790261,0.704159960685228-0.072596110506867i,"p15"
"213",3,295.697458240209,91.9390937620461,0.310922840896927,4720.16963127995,0.00345461134692691,0.00365512730673644,0.0201409702228383,0,0.498491183866771,1.52604938522177,0.0234008064013001,0.0280202359477929,0.604124920973305+0.011807039768278i,"p15"
"214",5,282.200332879773,23.3160354039876,0.0826222817175805,4169.43076626895,0.00329692543816546,0.00388842713447747,0.0284441589993867,0,0.507789878973152,1.41562293392266,0.0236681315963059,0.0270598596955152,0.586028106474329+0.089564143851174i,"p15"
"215",7,541.778901052232,74.4771129185392,0.137467724885357,15073.2644158566,0.00632956248673675,0.00666789640498392,0.0341793030985629,0,0.373069914849478,1.46483130508487,0.0244473210077225,0.0272243351350357,0.594292721803301+0.065925617511256i,"p15"
"216",1,330.43478246921,19.9911787334193,0.060499619876676,5397.0550731004,0.003860444914647,0.00329601097867746,0.0141550493971955,0,0.492795618936192,1.50326179681118,0.0236663538879298,0.0263478941644322,0.600521207460656+0.009061333608904i,"p15"
"217",3,824.918702122998,257.089784379926,0.311654692417912,54185.8769640082,0.0096374636616975,0.00786090628651718,0.0385568390978832,0,0.239382590389077,3.18671220127111,0.0170933030310513,0.0186818166181867,0.761149094581568+0.0443048012639i,"p15"
"218",5,1409.89120845921,545.648363629835,0.387014515982509,196405.958945019,0.0164716538169193,0.0101199861335155,0.0563560789325654,0.000182550691134793,0.157752714886004,4.72646137573362,0.013148821778808,0.0190861417342517,0.82537208681131+0.054810204942568i,"p15"
"219",1,630.05343543141,347.830781699736,0.552065526730394,18625.1610541864,0.00736086728700754,0.00585548280596784,0.0290624289588226,0,0.359900066342555,1.51175682543348,0.023629229979766,0.0275485494247995,0.601872287207812-0.07301788914443i,"p15"
"220",3,790.642499962449,161.638421918277,0.204439328680097,44713.6495766745,0.00923701734870552,0.00762916019831616,0.039557458676358,0,0.261994080263637,2.65990401413928,0.0179766314367034,0.0217778170119399,0.726768790619451+0.026681167402783i,"p15"
"221",5,532.006422230142,115.935282497082,0.217920832630343,24265.0763291561,0.006215391345641,0.00768560064560895,0.0571617225170649,0,0.290204376376683,2.9760949760288,0.0179531301093965,0.0207131727081325,0.748496953410613+0.036514580026986i,"p15"
"222",7,503.321727725634,220.379055332182,0.437849278488358,14479.5550732783,0.00588027019949335,0.00449660773993445,0.0224451793227937,1.36065251572553e-05,0.357901159238901,2.15463218718718,0.0198642660881782,0.0247392704247605,0.683005833750892+0.080650502397958i,"p15"
"223",9,408.524779879621,345.631678370461,0.846048258008506,14342.7166194201,0.00477276452923209,0.00531781514346766,0.0283733988446462,0,0.333417661515159,3.06295448915478,0.0166616820515491,0.024424974021042,0.753873689043455+0.011035736092767i,"p15"
"224",11,423.405477738092,80.8035209276092,0.190841935629355,9848.74478843886,0.00494661461227983,0.00469566152971536,0.0223140552483664,0,0.412711635253652,1.6839787716308,0.022016910602651,0.0267221615478732,0.627418811739559+0.00440820371041i,"p15"
"225",1,1403.3099842646,47.2074348797523,0.0336400620027593,106724.954227655,0.0163947658655832,0.0133506509460834,0.0621450846884858,0.000258165663223446,0.226954586427747,1.79702343137621,0.0210193539679313,0.0285381209727838,0.642477074456265+0.034565060802477i,"p15"
"226",3,342.948115692604,38.3934500402204,0.111951191108552,8417.37401443482,0.00400663725325783,0.00388010399361239,0.026929534187975,0,0.391063671780283,2.65376439755159,0.0175963285676704,0.0218187475746046,0.726309665541077-0.057944684706201i,"p15"
"227",5,545.475826957468,41.5454509634759,0.0761636884904806,27963.1039990531,0.00637275339631367,0.00565438634386954,0.0377098398770634,9.12753455673822e-05,0.261030125322726,4.21844173937722,0.0150015218674185,0.0168189208837643,0.808371914463619-0.06113712832803i,"p15"
"228",7,1098.67452104545,83.6086239704368,0.0760995384610165,84770.601311978,0.0128357324732221,0.00848698761015501,0.0470380345802335,0.000181363993710678,0.211881165339662,3.13352751880222,0.0167453823233239,0.021696069828394,0.758075881810079-0.082232192995111i,"p15"
"229",9,171.227391952733,81.590210600292,0.476502092742351,1715.29347589393,0.00200043684739451,0.00155949963189834,0.00809580535260854,0,0.626765894486709,2.02081042000775,0.0203901172856148,0.0265460727193304,0.668963006292386+0.017041161032266i,"p15"
"230",11,603.886713286763,107.122606642669,0.17738858015212,36995.3457021637,0.00705516342411079,0.00668736271253423,0.0410236740068207,0,0.233117352507431,4.84037808560282,0.0120243324937439,0.0170073200697745,0.828778208303823+0.066152737732635i,"p15"
"231",13,849.232285546332,358.709379365525,0.422392536730699,56828.9124754985,0.00992151744314892,0.00783737912057716,0.0449501720939002,0,0.217547079285533,3.91538017620014,0.0142085989048388,0.0206736384639248,0.796556936767187+0.093560796890944i,"p15"
"232",1,496.094644075478,107.452321208277,0.216596414598518,9476.97403911462,0.00579583672031635,0.00536664502784651,0.0384915934244851,0,0.450884116093447,0.955215725062576,0.0286924900489255,0.0302029063666335,0.488547484974838+0.082923947685772i,"p15"
"233",3,203.564486224304,29.947852199964,0.147117273525623,2069.27363413537,0.00237822870756825,0.00189663929986478,0.00929012326394382,0,0.62316516961757,1.58550242410972,0.0232208620135533,0.0250686749592295,0.613227978177457-0.02448517950426i,"p15"
"234",5,775.097165930656,202.012968656119,0.260629218549087,37495.1684088313,0.00905540237082372,0.00933414152393462,0.0353896142405385,0,0.284878980249194,1.98922941498661,0.0210317413993305,0.0266569436240757,0.665465623017603+0.027197866660375i,"p15"
"235",1,536.104585088234,297.39399166508,0.554731296722885,16220.5373136284,0.00626326987660767,0.00629098491782841,0.0456173223370167,0,0.357233171071353,1.772722771436,0.0218036774905853,0.024983620675979,0.639343676799647+0.057441846383897i,"p15"
"236",3,433.402265610922,259.12756826062,0.597891586688765,18755.5148630801,0.00506340633928293,0.00397681490135133,0.0199072851513594,0,0.298586000604331,4.10883517380573,0.013472898519195,0.0206642442939586,0.804260664911006-0.00387548325182i,"p15"
"237",5,798.986437356782,556.690219655535,0.69674551860628,52053.0296079809,0.00933449894686351,0.0075081131803857,0.0340625800190052,0,0.242701584478653,3.21361339467024,0.016413895541085,0.0223274603446966,0.762674002967408+0.028934221191503i,"p15"
"238",7,482.535939329506,105.694945908801,0.219040567331973,18516.2731828561,0.00563743138418722,0.00536968425445915,0.0273997927804453,0,0.317942632089197,2.94153655885725,0.0170589420743463,0.0208127846359366,0.746291836935308-0.023110738018847i,"p15"
"239",9,364.39478505624,219.303128667862,0.601828395085333,10070.980778471,0.00425719709160862,0.00521377800106182,0.0285436105934825,0,0.371526498660101,2.52753545802897,0.0182851884638176,0.0249464668085044,0.716515960817937+0.05202189669435i,"p15"
"240",11,1275.70580117914,203.700530768306,0.15967672999529,116103.158647822,0.0149039757132909,0.0112736911826645,0.0537686619796419,0,0.206300250064188,2.7133934484765,0.0179759119238859,0.0221713224699836,0.730704539156692-0.027753367118336i,"p15"
"241",13,596.234287715035,261.88520465831,0.439232043601417,29035.3972054841,0.00696576070699264,0.00793515775882449,0.0611970544459515,0,0.278774487770815,2.95159172580214,0.016049434449553,0.0241014287504704,0.746937419301077+0.048112241583161i,"p15"
"242",15,244.86843934344,94.8008659817181,0.387150202924907,3960.14793382214,0.00286077971077096,0.00204803235316457,0.0111271520844304,7.23427672954668e-05,0.492580651912143,2.44165246743306,0.0181200756578978,0.0226228568331448,0.709441900522325+0.008953283071966i,"p15"
"243",17,690.820646457051,422.556128571881,0.611672697883316,35937.9658932294,0.0080708060804609,0.00723479155107612,0.0550793361709866,0,0.273405525402934,2.7775922412134,0.0176036622508883,0.0237751070191026,0.735281116609137-0.022356145110442i,"p15"
"244",19,559.792604914669,305.902353995238,0.546456582865841,28712.4874798064,0.00654001524522073,0.0084372717909326,0.049739232766274,0,0.274339109529312,3.17755607448371,0.0149340587750315,0.0240674265181725,0.76062559492428+0.028280263603322i,"p15"
"245",1,494.993786026053,182.849260777153,0.369397083234353,13748.3333987096,0.00578297547784395,0.00547793016414664,0.0296885066090489,0,0.373581752123861,1.80167330978552,0.0222123775973662,0.0257143027001096,0.643070447754469-0.051201769130638i,"p15"
"246",3,793.614788049412,556.846007762693,0.701657801931008,63210.7461913389,0.00927174236870626,0.00660587192478403,0.0349531327299891,0.00128349253144659,0.21645175105283,4.35619939514614,0.0148937364427138,0.0182538774535811,0.813300453133576+0.032054694338025i,"p15"
"247",5,544.004898765239,431.935736193661,0.793992365094602,26253.5583087889,0.00635556865196844,0.00572973041180226,0.0359214088722458,0,0.27899934802164,3.58050217108241,0.0149397774875596,0.022449598704917,0.781683325834187+0.039853631586589i,"p15"
"248",7,323.070606245654,91.0330513987267,0.28177447789697,6880.38305594457,0.00377440979316145,0.00318162197574927,0.0136865737551055,0,0.408469746300308,2.66953667646714,0.0184896814606495,0.0191551956429451,0.72748603211598+0.085842862342694i,"p15"
"249",9,1203.55814696296,592.160076437414,0.49200786678372,129347.986345194,0.0140610800509722,0.0119342307093686,0.0616456187254236,0.000859340422717966,0.188396800645352,3.58755929236584,0.0150715642305607,0.0193475910807367,0.782019166125199-0.028635590934818i,"p15"
"250",1,667.950459640737,394.401068112854,0.590464550806636,38972.1065748307,0.00780361539389844,0.00660865783393559,0.036064576911724,0.0010702672955975,0.254807166941399,3.52253379747104,0.0160506651526247,0.0173614012877613,0.778885013405717+0.034824383227118i,"p15"
"251",3,469.457341251814,253.681011165049,0.54037074058445,11529.4077678326,0.00548463509844983,0.00499703267060901,0.0236162119117406,0,0.401647412376875,1.59375998654152,0.0221358860997033,0.0279057691053896,0.614459315746718+0.011732803485827i,"p15"
"252",5,664.837608780149,239.338735452352,0.359995782867177,38334.1349844704,0.00776724818949879,0.00743319640575632,0.0411793237912458,0.000780051100628901,0.258621374982369,3.31484969667592,0.016265439444386,0.0198053010295516,0.768242216925799-0.023423206113919i,"p15"
"253",7,276.45070447325,46.7713443261881,0.169185115354676,3360.67723193833,0.00322975295838834,0.00289715884281362,0.019780472813137,0,0.571979671434409,1.19842758081095,0.0260047468385398,0.0295873387897243,0.545129433087297-0.014053858966363i,"p15"
"254",9,898.235189337242,169.07183313524,0.188226686220108,63735.95250512,0.0104940147127431,0.0126612314535305,0.080914052537562,0,0.223526459735618,3.00571495912879,0.0170915239200332,0.0209054467465933,0.750356675349289+0.083210840245517i,"p15"
"255",11,731.477622031783,275.186033128111,0.376205675798724,48196.5866835725,0.00854579849327395,0.00676020771956131,0.0362060679554672,3.1692216981122e-05,0.226985717682224,4.22856530598338,0.0138017742331491,0.0208879567471347,0.808742945439423+0.068731593408344i,"p15"
"256",13,600.764470709216,319.763621949595,0.532261206412734,29823.9380556846,0.00701868649698249,0.00816401552033322,0.0516114198838444,0.000136065251572301,0.280083474020689,2.85507459974532,0.0174185310277289,0.0233474192514268,0.740601647484056-0.021470653117785i,"p15"
"257",1,416.161462239358,181.275030181214,0.435588219067128,11096.5696421773,0.00486198331957893,0.00375871218301126,0.0182638409218976,0,0.384094269991261,2.29585443735562,0.018443463139464,0.0273616418365192,0.696588542058813+0.005418149336459i,"p15"
"258",3,738.807462405001,34.30849973109,0.0464376735170045,26226.71190938,0.00863143247158129,0.00858787710385103,0.0511129135641914,0,0.325668349773643,1.42980714525192,0.0242430061081806,0.0266524334881786,0.588444703541967-0.09614463064572i,"p15"
"259",5,480.413703551127,83.8587353128475,0.174555252468819,11046.1465441006,0.00561263746189762,0.00585318110980663,0.027167075850282,0,0.415939179979485,1.24223635063296,0.0253599124047607,0.0298026074502034,0.554016685298268+0.011840241749146i,"p15"
"260",1,444.474019285717,36.2792647237809,0.0816229141628634,11596.8883477458,0.00519275681156279,0.00424411950862149,0.020050392609174,0,0.38575708213145,2.03862596383517,0.019828140939042,0.0237626484069049,0.670903884880303+0.041079630654944i,"p15"
"261",3,355.649382823465,40.3181698688473,0.113364936974628,8085.3994135168,0.00415502520969057,0.00395322550287208,0.0217712890680787,0,0.414017762604464,2.16407811694462,0.0191389673594906,0.025372023922777,0.683952177209314+0.034283842076967i,"p15"
"262",5,343.881819009591,50.7240989111366,0.147504450968727,8370.45261959269,0.00401754563946014,0.00399236784324843,0.0260008276878171,0,0.395190484829357,2.54403224651163,0.0188938394176874,0.0234753364478,0.717835524497754-0.051643211043472i,"p15"
"263",7,597.747650716534,457.659613770353,0.765640171436467,29321.8336201942,0.00698344121404911,0.00554634546984425,0.0345108676410883,0.000458142688679185,0.281541166044145,3.19468183467793,0.0177688842746674,0.0170583639717514,0.761602896378723-0.011673300863939i,"p15"
"264",9,470.052672192081,311.466881358186,0.662621233287892,18167.8752277856,0.00549159030541598,0.00645803629711491,0.0460310144530268,0,0.306646269860264,3.10717403263973,0.0172940867685168,0.0199658575296607,0.756523587251722-0.068543757308773i,"p15"
"265",11,323.673781045095,77.4696295477115,0.239344778862142,7228.981526814,0.0037814566393492,0.0031006836859242,0.0156235636789743,0,0.414691746125075,2.57728778203053,0.017921873710313,0.0239240273785082,0.720458609725723-0.040272462913381i,"p15"
"266",13,642.181078952937,278.849851253905,0.434223088149162,26709.1016015299,0.00750255364160217,0.0069162140073211,0.0321465453117211,0,0.30379539961457,2.28087809771937,0.019556801369598,0.0230466629553799,0.69520354910622+0.048594330842833i,"p15"
"267",1,767.034639911968,222.824468678014,0.290501180890067,32567.0862950646,0.00896120848077537,0.00797647297717639,0.0396821182710768,0,0.302583360667123,1.80935716806436,0.0225121173639712,0.0212669746244798,0.644046683929122+0.046704782005021i,"p15"
"268",3,568.215153734419,417.606847989542,0.734944932821572,23206.0363070976,0.00663841525479781,0.00589109027535188,0.0280604579402514,0,0.301443236201941,2.78608564574654,0.0163669958324783,0.0234551624206222,0.735874965976154-0.061096707277743i,"p15"
"269",5,349.498880952053,55.9209374936746,0.160003194692192,8134.27584307125,0.0040831693551265,0.00374520087607891,0.0173866880403021,0,0.400534343408528,2.46800788678534,0.0178236278313615,0.0242054742421896,0.711650021382464-0.065099305607106i,"p15"
"270",7,517.606217520093,265.264795517778,0.512483788909434,23030.7745880476,0.00604715482820367,0.0057144355365247,0.0393755674648079,0,0.278907721924662,3.77232311485143,0.0152950966557935,0.0191221209658796,0.79045844635121+0.071962685871828i,"p15"
"271",9,480.323278554199,319.76764041034,0.665734214200193,14857.9747989716,0.00561158103340381,0.0047349650731676,0.0229078119432483,0,0.346035016291046,2.44755613831652,0.0184797162027719,0.0245790436270695,0.709939458596224+0.069769128393229i,"p15"
"272",11,1041.24433778378,347.684404994476,0.33391240881511,92086.2916839972,0.0121647799262081,0.00782675738758947,0.0433114240826662,0.000131716181905604,0.209176611815076,3.46339257688644,0.0158335357342596,0.0209517079915443,0.775955176970434+0.013135536676617i,"p15"
"273",1,866.405766166549,662.513780100137,0.764669172311096,62472.0922016364,0.0101221539361709,0.00907060202045028,0.0439870715762388,0.000708248734013312,0.221234301427017,3.57899886992515,0.0155557016925177,0.0211886744875054,0.781611651715401+0.068221046414764i,"p15"
"274",3,519.152819705512,276.653063732652,0.532893308543681,21082.1329553679,0.00606522366616639,0.00527709938532956,0.0330945769526973,0,0.310333339390043,2.9216558860322,0.0169200301258964,0.0232992178366714,0.745005673862995+0.000594695948062i,"p15"
"275",5,786.025773037012,135.771236517498,0.172731278254288,33864.6496133399,0.00918308047242259,0.0063711561034665,0.027136791897344,0.000425951612647868,0.302381252216459,1.90299478402103,0.0219147323124315,0.0234808034955516,0.655528144416825+0.017241062868992i,"p15"
"276",7,821.049408253628,108.42025133547,0.132050824524775,38272.1891923485,0.00959225899005349,0.00753340598077261,0.0491825844886493,0,0.290107393291756,1.94118466932633,0.0209781586416748,0.0255949242389278,0.660000947771482-0.027066304916728i,"p15"
"277",1,277.146755899775,50.2574412066844,0.181338731689355,6523.81914446689,0.00323788487528214,0.00335497357604746,0.024559039575108,0,0.399155794898257,3.26606098163133,0.015213798595046,0.0229281692757156,0.765591724003532+0.047196612874297i,"p15"
"278",3,775.045906060129,35.9053028808343,0.0463266789748692,30156.0429364224,0.00905480350558011,0.00949367685981397,0.0657498503476124,4.08195754716397e-05,0.318762754274763,1.36298854921813,0.0247273916596566,0.0283688434018589,0.576807090186331-0.032484406881176i,"p15"
"279",5,1132.36513692813,194.207278429688,0.171505879240094,99887.4876525049,0.0132293374254119,0.0119823513536869,0.0670392633757072,0,0.208523404510255,2.94866320052027,0.0177857702616445,0.0207223043147106,0.746749735488142-0.034959919712361i,"p15"
"280",7,332.05631212209,158.038480714793,0.475938793949762,8934.79834101706,0.00387938912462281,0.00306944116144128,0.0158025673709587,0,0.363645766024847,3.51396633683247,0.0158355622103907,0.0199915033215816,0.7784653394864-0.065361735027774i,"p15"
"281",9,424.813281499821,21.8918767210835,0.0515329385272356,11720.866896142,0.00496306187861232,0.00370660851791255,0.0165334558395595,0,0.374609003426926,2.40824066950768,0.0185399425245654,0.023572037148862,0.706593490023564+0.034722916369791i,"p15"
"282",11,424.016014575458,310.768845706461,0.732917708350273,24943.6009300237,0.00495374746860749,0.00473533796930435,0.0362535134055932,0,0.247622228180918,6.351009233765,0.0125006934507569,0.0145681291833767,0.863964257396555+0.028784484019706i,"p15"
"283",13,218.001520287394,35.2243010416666,0.161578235762898,3011.97802159269,0.00254689549958986,0.00263999146111154,0.0178500609342864,0,0.504240167169808,2.39060865270401,0.018212744682348,0.0244860635346708,0.705067702460294+0.102691814795618i,"p15"
"284",15,624.035059378159,140.507218839834,0.225159174517931,51278.4950965913,0.00729055504852104,0.00917981143871011,0.0691678235980214,0,0.214502157076773,5.3245933440381,0.0116201215197154,0.0164918802794153,0.8418870675784+0.017012825069777i,"p15"
"285",17,543.941584336742,399.922499847166,0.735230604467967,29304.7328723694,0.00635482895422329,0.0055769461408259,0.0357188395392705,0,0.26377812184954,4.13514835955902,0.0138140328397248,0.0219980440812529,0.805263659395836-0.033241248936776i,"p15"
"286",1,835.9135364577,128.412218692917,0.153619020499515,42096.0687809285,0.00976591549106489,0.00793850220045381,0.0405501770400468,0,0.276316744500979,2.14660747027676,0.0197063846425869,0.0268798269400888,0.682197411197258-0.049061782897984i,"p15"
"287",3,207.571301971837,2.99141307300603,0.0144114964091323,2186.21007811064,0.00242504003705633,0.00211588884494872,0.0123253967020624,0,0.611512382540223,1.56715613012355,0.0226184355918239,0.0267551595410578,0.610463894943595-0.031947902126935i,"p15"
"288",5,172.157007426441,93.6531684260603,0.543998584931701,1766.91975117117,0.00201129747562873,0.00176846294432873,0.00981020871061142,0,0.618049719531157,2.00267645009989,0.019688450658089,0.0270175497745917,0.666963784937024+0.027671247790679i,"p15"
"289",7,417.430793989897,259.359570149426,0.621323519691514,13173.5615198746,0.00487681282773406,0.00541164116144154,0.0236345131147605,0,0.352944664530849,2.53821233107112,0.0173005026176952,0.0211553513204307,0.717371399331122+0.001977907282027i,"p15"
"290",9,954.291328838677,620.553274247983,0.650276551295047,119364.420169553,0.0111489144090038,0.00655823556385629,0.0384988567313858,0.00156491941823894,0.14858705425595,8.3449962219361,0.0109818032507802,0.010702114055858,0.892990860964434-0.060086042308607i,"p15"
"291",11,475.115612055556,417.255768617411,0.878219443920568,22380.9629872324,0.00555074025416854,0.00782079836253993,0.0478158957549441,0,0.28799189889349,3.32903753630582,0.0165473243248917,0.020284364183719,0.769001771961222+0.00284088568855i,"p15"
"292",13,702.739186538404,552.88022489857,0.786750241753248,39929.7817526827,0.00821004949516215,0.011305835052733,0.0849163293823481,0,0.261802408474513,2.4965188006681,0.019461988230394,0.0212320394712003,0.714001251813969+0.032390950718333i,"p15"
"293",15,273.405605660657,103.357504776702,0.378037255406481,3965.27024183867,0.00319417729611142,0.00242754310853094,0.0110748745877957,0,0.52225148132922,1.75913361366914,0.0217909771738188,0.0261216773088778,0.63756738889126-0.0064651339522i,"p15"
"294",17,617.652643345166,124.362243764416,0.201346574169712,22164.2231541107,0.00721598975810697,0.00724638113888552,0.0420058501412335,0,0.310082945844685,2.19506891015158,0.0193454401759668,0.0264248562723393,0.687017705057085+0.1182418970631i,"p15"
"295",19,954.859600576895,266.197900687288,0.27878224246419,128551.121008088,0.0111555534853309,0.00869104971537435,0.0459336432272864,0.00115638561320751,0.160481852222686,6.92265230780132,0.0113716335440355,0.013217931484379,0.873779643337962-0.03495111090127i,"p15"
"296",1,679.152867614845,472.394259960425,0.695563962822469,59949.4620760027,0.00793449229061096,0.00666479956693274,0.035655907901883,0,0.207015596008453,5.67521519722836,0.0114840112912277,0.016511781540078,0.85019209561735-0.008554358990894i,"p15"
"297",3,546.849420308527,167.864220913335,0.306966076362717,21494.6777632688,0.00638880098497024,0.0072283003545425,0.0578744272972964,0,0.311174942942145,2.44816480391751,0.0193552632592945,0.0224027364003879,0.709990659708641-0.054573804324029i,"p15"
"298",5,887.522880315708,515.755738272364,0.58111824462362,155288.891782402,0.0103688636055343,0.0100953736207609,0.052736681156351,0,0.143583657873475,9.41001239074249,0.00923446930333731,0.0115226220914548,0.903938634992472-0.009692546636354i,"p15"
"299",7,316.143278348112,123.127616061135,0.389467765073139,7664.79414141542,0.00369347833808181,0.00280868230523031,0.0147645119962617,0,0.399416777825368,2.97804849870633,0.017465677150408,0.0209265253506114,0.74862046042797+0.024328843753224i,"p15"
"300",9,616.29959401082,228.235216866664,0.370331603467934,38741.625367038,0.00720018218366517,0.00957501711533629,0.0482477813095959,0,0.238828760651619,4.02068633289586,0.0142463047336951,0.0200623929448232,0.800824044026026-0.05924811643493i,"p15"
"301",11,421.804489076578,109.137910682827,0.258740514881087,17081.5508474184,0.00492791038117388,0.00366702183459531,0.0215958858841133,0,0.30704867311968,4.00093273557999,0.0142624730479357,0.0184599353506868,0.800037302464532-0.021224623216269i,"p15"
"302",13,799.842511719359,435.845521460305,0.544914173820796,35176.5787493266,0.00934450039978222,0.00780119301397965,0.0397618303241678,0,0.290912333521284,1.95840486736331,0.0199210848970035,0.0259974830432728,0.661980004484222+0.081550296197562i,"p15"
"303",1,968.664392153178,560.310964642428,0.578436627981081,123052.944133773,0.0113168338355415,0.00734828148122794,0.0363871131304308,0.00145706843682008,0.166286529786477,6.38278044897515,0.0123385691294088,0.0129959272403408,0.864549676519391-0.035184659812239i,"p15"
"304",3,708.291548916253,465.353939253269,0.657009023989203,63151.5715122915,0.00827491733064143,0.00684954793780566,0.0362125599398884,0.000129082831611703,0.20655146895025,5.44501732362844,0.0132109671551511,0.0148868452510388,0.844841379039612-0.002437614294883i,"p15"
"305",5,368.916340425301,96.9504441225516,0.262797912423134,10541.9404545483,0.00431002208569778,0.00309193699379768,0.0175914687776257,0,0.369607821707457,3.01269856169628,0.0159367918890561,0.0214034519950659,0.750791148494027+0.002732506622145i,"p15"
"306",7,530.515212577041,332.35714015382,0.626479943033783,20173.1808779695,0.00619796965450133,0.00399670153622988,0.0179885674749471,0,0.318239642480965,2.82837494532824,0.017290408298417,0.022409754779089,0.738792564918361-0.031122234287184i,"p15"
"307",9,543.819453471046,181.888254163538,0.334464412780007,18760.5271518442,0.00635340210842977,0.00634465623373344,0.0334569277028938,0,0.316421736248533,2.49090005008528,0.0180722856206723,0.0236889748074976,0.713540924789419+0.106060823198256i,"p15"
"308",11,493.819110560325,45.3139818713827,0.091762309117535,19040.3454167656,0.00576925183200333,0.00526407652816,0.0259991293164951,0,0.289979866120448,3.65935044573485,0.014953524525629,0.0214280867882694,0.785377809279103+0.094425485361866i,"p15"
"309",1,522.490265970474,133.817718374596,0.256115237144261,19576.095912858,0.00610421480192153,0.00718871415144327,0.0486068347509865,0,0.324402557694127,2.26202158490872,0.0203771570489364,0.0249340134256979,0.69344163612333-0.004360068843399i,"p15"
"310",3,513.081201700215,205.343990069189,0.400217332829059,21064.8737862654,0.00599428940592576,0.00635745781916413,0.0409032681293463,0.000258523977987346,0.308525263718359,2.82790528912475,0.0183788597431157,0.0199104189501853,0.738760516661412+0.013822889547204i,"p15"
"311",5,387.07201317434,97.7684557638097,0.252584667545504,9013.26436538572,0.0045221334560937,0.0039114888708725,0.0220565608173611,0,0.410822653207553,2.03431026646962,0.0212171785448176,0.0235257425461027,0.670435811706399-0.021249882440506i,"p15"
"312",7,516.763613935423,329.13077492805,0.63690779701293,22655.9894443534,0.00603731075337838,0.0054345656664671,0.033694430603242,0,0.297195221093869,3.25758096964085,0.0164441822283477,0.0221091761700983,0.765124842691047-0.01872380643385i,"p15"
"313",9,795.868193551,249.47563481947,0.313463506697461,48458.3713596946,0.00929806873708744,0.00958502984248959,0.0534735966331954,0,0.250442737295837,2.77489604991196,0.0174265574705534,0.0221809670360443,0.735092043124387-0.043430866559304i,"p15"
"314",1,867.077273570758,713.097083642879,0.822414685955538,115291.457038244,0.0101299991070829,0.0068413379765621,0.0470695776241531,4.08195754717659e-05,0.164310667588321,7.38836392292588,0.010771764445339,0.0146894689518305,0.880787241804455-0.022137848164053i,"p15"
"315",3,577.913423269827,117.751215184506,0.203752344976296,33404.5498004484,0.00675171941433293,0.00469372387613735,0.022254862359924,0,0.250414302160287,4.50126773596343,0.0137205875469027,0.0176284001045875,0.818223717151103-0.043330957747509i,"p15"
"316",1,810.576428893811,480.439742798229,0.592713685807374,64754.7188604679,0.00946990395342965,0.00663543150825116,0.0281961056750076,0,0.206119770730143,4.77173973244121,0.0135854577744622,0.016520719574687,0.826742014304751-0.060456087375076i,"p15"
"317",3,649.964528712878,282.045557258018,0.433939922562469,25338.2110977236,0.00759348710453739,0.00523445519136037,0.0219434436804089,0.000149671776729556,0.290766847327796,2.72000412562265,0.0173753814271916,0.0230039814112259,0.731183093827182+0.111117099849967i,"p15"
"318",5,667.178792202898,409.614701199887,0.613950422265997,31011.2872901446,0.00779460006078506,0.00692564884740365,0.0418067569260766,0.000517047955974818,0.284166459250453,2.63194456556183,0.018453817640141,0.0204350075279768,0.724665401151212+0.057569467579596i,"p15"
"319",1,819.38777465956,424.122768945718,0.517609344515706,65397.9076711649,0.00957284624872434,0.00909748881263242,0.0500536535953041,0.000435967333797104,0.219999127802513,3.8393801802606,0.0153952117394902,0.0185640641216089,0.793361967286862-0.011394069881278i,"p15"
"320",3,826.810425188597,388.56508232299,0.469956679893528,41259.5777701532,0.00965956452115892,0.00823209069117546,0.0452794559194513,5.44261006290212e-05,0.279986076717079,2.06825706737748,0.0204154153100901,0.0253995377011775,0.674082067427706+0.029518927378521i,"p15"
"321",5,932.654186234351,165.471504164956,0.177419998330847,76149.1202302918,0.0108961292859904,0.00788989829733086,0.0463589495212382,0.000212975806324005,0.201038143466248,4.27836680575522,0.0143280053967564,0.0182587702609969,0.810547459697257-0.075097652306837i,"p15"
"322",1,510.141022722805,107.04697741983,0.209838010769027,28723.3393607952,0.00595993951425673,0.00489211526247778,0.0326250183293646,0,0.260991940936372,4.63087296839222,0.013384219911015,0.0188824569745858,0.822407643430548-0.005213751557475i,"p15"
"323",3,237.133514924429,43.3086063551876,0.182633848146642,2205.64274994002,0.00277041316577404,0.00335670419117903,0.0269988657855968,0,0.646358062953195,0.683830010599807,0.0323751606549886,0.0321909814124066,0.406115823031457+0.10943228061344i,"p15"
"324",5,673.866061376731,272.543227609986,0.40444717909249,45626.6978240007,0.00787272692770292,0.00864137641486851,0.0601145484966135,0,0.233814313401992,4.05508257567424,0.0144522282205295,0.0184196468808203,0.8021792947929+0.042678288402163i,"p15"
"325",7,856.72981043832,482.579135005142,0.563280428818328,66598.6355334447,0.0100091104671806,0.00880555857465331,0.0479148945707906,0.00131376564918866,0.2190282621492,3.73586193591952,0.015643942683551,0.0179354519849722,0.788845195757203-0.041589932975338i,"p15"
"326",9,722.744514507518,88.7320306239455,0.122770949959278,36591.5127852427,0.00844377024951829,0.0090156036953028,0.0405668382843551,0,0.277442598698322,2.34523437847527,0.0192735914949323,0.0265635967131237,0.701067283525948+0.031009867736881i,"p15"
"327",11,517.746102591552,463.788941316441,0.895784514832597,34064.8687963797,0.00604878909505873,0.00401213289697716,0.0173671774238783,0,0.237269521579593,5.79859752823819,0.0125190546483112,0.0159880942431833,0.85291083994214+0.021337889290892i,"p15"
"328",13,512.687196749792,104.876771512666,0.204562883913501,16356.8028390223,0.00598968627548095,0.00537094500591858,0.044029727859613,0,0.349736216022632,2.12780709184637,0.020627714105889,0.0227116019634173,0.68028718823267+0.0324655286993i,"p15"
"329",15,475.929071590065,83.2849604921638,0.174994480194099,20284.4865635052,0.0055602438412298,0.00436752226277563,0.0216912975790974,6.08502303783395e-05,0.28931777073947,3.96087327634713,0.0138952682816344,0.0201357319936855,0.798422587255376+0.057037622156632i,"p15"
"330",1,663.954325125372,56.848126033489,0.0856205372602318,47238.6951203473,0.007756928852449,0.00868054551740826,0.0642417552271881,0.000459140568368629,0.227283615016105,4.41345064445437,0.0146142613019152,0.016971999311579,0.815274939095563-0.041471747162061i,"p15"
"331",3,785.024170895345,94.1313931753326,0.119908910661913,41635.3602201378,0.00917137882931649,0.00605777953159886,0.0303502710208933,0.000244917452830154,0.271449630519095,2.56653624705131,0.0185083153931029,0.0215125083827132,0.719615915630532+0.015996555408405i,"p15"
"332",5,456.406323853874,11.6326634705957,0.0254875159756116,18844.1207770696,0.00533216103573659,0.00828427945933413,0.0704214025817914,0,0.296711292401087,3.02170859398962,0.0160585157951094,0.0244681576899986,0.751349463386163+0.07641219291744i,"p15"
"333",7,369.371585195951,211.985286578297,0.573907942772151,7600.57524172452,0.00431534067639408,0.00370486043813703,0.021006824938667,0,0.435049394036926,1.84923268920088,0.0223541544052768,0.0243694252900562,0.649028314258015-0.04267865702277i,"p15"
"334",9,1042.68488662881,5.74964164862046,0.00551426583654638,59512.8337645737,0.0121816097509061,0.0134497416376813,0.0620075923562845,0,0.252118564261291,1.75723614494634,0.0210485252204225,0.0296065824585353,0.637317970811868-0.112421217841406i,"p15"
"335",1,320.766265294821,209.080195715916,0.651814789575042,7817.68480209375,0.00374748834972628,0.00343460375780873,0.0240312757083159,0,0.400947198185991,2.76460806374902,0.0174796162129267,0.0223584848620168,0.734368098068583-0.002411030897748i,"p15"
"336",3,1048.3386981275,312.075580660159,0.297685834947786,105228.851081697,0.0122476628088965,0.0155263971130448,0.105414382012519,0,0.195934772706727,3.41740981912896,0.015448118029094,0.0225076712093686,0.77362299606669-0.025723877513564i,"p15"
"337",5,836.269852325894,300.557080122438,0.359402027092699,60530.7020195604,0.00977007830277346,0.00781530412289808,0.0457050574663248,0,0.231232332010526,3.42929017952564,0.0153843924462716,0.0214490311090656,0.774230190511678-0.015150734704475i,"p15"
"338",7,383.98929467797,24.2801320366195,0.0632312733014652,10626.7846583772,0.00448611828585746,0.00528740441983011,0.0354516318688496,0,0.371530034519912,2.39008276421034,0.0186888140544843,0.0242822403589945,0.705021950921917+0.053505274297874i,"p15"
"339",9,1053.73751608448,307.130540750427,0.291467785916624,123480.136502193,0.0123107367963606,0.010938445610217,0.0724051142548859,0.00112318514550138,0.180433065414184,4.64371665318903,0.0134641149384332,0.018481743406507,0.822811799129756+0.014133676217437i,"p15"
"340",11,345.288096169201,64.2455435167297,0.18606359219881,10297.7819997595,0.00403397507061395,0.00261760653374256,0.0109210534591195,0,0.358967207299871,3.55981068916958,0.0155207576455744,0.0196889117269273,0.78069264972443+0.020724536413546i,"p15"
"341",13,305.129093741792,30.9441806841173,0.101413406059217,5134.86189395717,0.00356480044093454,0.00476482625060417,0.0392381935857883,0,0.478768835729056,1.32326081194022,0.0252218175757103,0.0268699968921872,0.569570495546356+0.083169249709986i,"p15"
"342",15,757.352866228093,185.524368569459,0.244964239052057,57092.368947983,0.0088480970410432,0.00816741670308462,0.0351930548695859,0,0.200484605444972,5.31553218299769,0.0135020935486011,0.0166781142313114,0.84166021626932+0.079670758280556i,"p15"
"343",17,307.958885046032,48.8496349835657,0.1586238857056,6544.21899526416,0.00359786068165234,0.00292808486622222,0.0163167590953782,0,0.429232748095032,2.51752348283026,0.0187011270371855,0.024261688082169,0.715709076319973-0.014912002911241i,"p15"
